Name,Version
"Microsoft Windows 10",00.0
"Microsoft Windows 8.1",6.3
"Microsoft Windows Server, version 2004",00.0
"Microsoft Windows Server, version 1909",00.0
"Microsoft Windows Server 2019",00.0
"Microsoft Windows Server 2016",00.0
"Microsoft Windows Server 2012",6.2
"CentOS version 7",7
"CentOS version 6",6
"CentOS version 5",5
"CentOS version 4",4
"CentOS version 3",3
"Red Hat Enterprise Linux 8",8
"Red Hat Enterprise Linux 7",7
"Red Hat Enterprise Linux 6",6
"Red Hat Enterprise Linux 5",5
"Red Hat Enterprise Linux 4",4
"Red Hat Enterprise Linux 3",3
"Red Hat Enterprise Linux 2.1",2.1